id,name,born,died,affiliation,notes
kari,Kari Berg,1976-08-01,,berg,Turns 50 this summer 🎉
jonas,Jonas Berg,1979-06-15,,berg,Married to [[Kari Berg]]
emil,Emil Berg,2015-07-19,,berg,Son of @kari and @jonas
selma,Selma Berg,2018-01-31,,berg,Loves drawing horses
sverre,Sverre Berg,1948-11-02,,berg,
aase,Åse Dahl,1957-08-05,,dahl,Known to everyone as Mamma
gustav,Gustav Dahl,1955-12-24,,dahl,A Christmas Eve birthday
vera,Vera Dahl,03-30,,dahl,Birth year politely unknown
petra,Petra Dahl,1930-09-10,2020-06-08,dahl,Gets a remembrance day each June
